{"stats":{"minecraft:mined":{"minecraft:spruce_planks":32,"minecraft:white_bed":1,"minecraft:farmland":18,"minecraft:mossy_cobblestone":119,"minecraft:cobblestone_stairs":15,"minecraft:jack_o_lantern":2,"minecraft:spruce_trapdoor":61,"minecraft:grass_block":1215,"minecraft:spruce_fence":14,"minecraft:spruce_leaves":98,"minecraft:composter":1,"minecraft:large_fern":9,"minecraft:furnace":2,"minecraft:iron_ore":2,"minecraft:andesite":1,"minecraft:stripped_spruce_log":2,"minecraft:pumpkin":19,"minecraft:dirt_path":319,"minecraft:stone":604,"minecraft:podzol":293,"minecraft:glass_pane":9,"minecraft:spruce_door":3,"minecraft:dandelion":1,"minecraft:crafting_table":7,"minecraft:torch":5,"minecraft:short_grass":24,"minecraft:poppy":4,"minecraft:chest":1,"minecraft:dead_bush":2,"minecraft:campfire":2,"minecraft:cobblestone":236,"minecraft:tall_grass":5,"minecraft:wall_torch":4,"minecraft:spruce_stairs":2,"minecraft:purple_bed":3,"minecraft:coarse_dirt":88,"minecraft:cobblestone_wall":14,"minecraft:wheat":13,"minecraft:spruce_log":555,"minecraft:coal_ore":18,"minecraft:oak_log":10,"minecraft:gravel":15,"minecraft:dirt":1576,"minecraft:fern":84},"minecraft:killed_by":{"minecraft:skeleton":1},"minecraft:killed":{"minecraft:skeleton":3,"minecraft:chicken":3,"minecraft:zombie_villager":1,"minecraft:sheep":7,"minecraft:pillager":1,"minecraft:zombie":19,"minecraft:villager":1,"minecraft:cow":9},"minecraft:crafted":{"minecraft:wooden_sword":1,"minecraft:oak_planks":16,"minecraft:stone_shovel":19,"minecraft:leather_boots":1,"minecraft:cooked_chicken":3,"minecraft:furnace":2,"minecraft:cooked_mutton":7,"minecraft:stone_pickaxe":8,"minecraft:chest":2,"minecraft:cooked_beef":19,"minecraft:item_frame":5,"minecraft:crafting_table":1,"minecraft:spruce_planks":48,"minecraft:baked_potato":38,"minecraft:wooden_pickaxe":1,"minecraft:stone_axe":6,"minecraft:air":0,"minecraft:charcoal":3,"minecraft:stick":96,"minecraft:wooden_axe":1,"minecraft:stone_sword":1,"minecraft:iron_shovel":3,"minecraft:white_bed":2,"minecraft:torch":36},"minecraft:used":{"minecraft:stone_sword":87,"minecraft:iron_shovel":1003,"minecraft:stone_shovel":2426,"minecraft:chest":2,"minecraft:stone_hoe":1,"minecraft:cooked_chicken":3,"minecraft:torch":44,"minecraft:dirt":3207,"minecraft:cobblestone_wall":1,"minecraft:wooden_axe":36,"minecraft:item_frame":2,"minecraft:sweet_berries":3,"minecraft:furnace":2,"minecraft:cooked_beef":12,"minecraft:cooked_mutton":6,"minecraft:cobblestone_stairs":9,"minecraft:stone_pickaxe":965,"minecraft:baked_potato":9,"minecraft:wooden_pickaxe":71,"minecraft:spruce_sign":1,"minecraft:crafting_table":8,"minecraft:white_bed":2,"minecraft:bread":4,"minecraft:spruce_trapdoor":8,"minecraft:stone_axe":754,"minecraft:wooden_sword":3,"minecraft:cobblestone":51},"minecraft:broken":{"minecraft:leather_helmet":1,"minecraft:iron_shovel":4,"minecraft:wooden_pickaxe":1,"minecraft:stone_pickaxe":7,"minecraft:stone_axe":5,"minecraft:wooden_axe":1,"minecraft:stone_shovel":18},"minecraft:dropped":{"minecraft:cooked_beef":6,"minecraft:mossy_cobblestone":19,"minecraft:cobblestone":7,"minecraft:item_frame":3,"minecraft:dirt":3,"minecraft:pumpkin":7,"minecraft:gravel":3,"minecraft:coarse_dirt":87,"minecraft:cobblestone_wall":4,"minecraft:rotten_flesh":2,"minecraft:fern":1,"minecraft:white_bed":1,"minecraft:potato":5},"minecraft:custom":{"minecraft:mob_kills":45,"minecraft:interact_with_crafting_table":43,"minecraft:leave_game":1,"minecraft:time_since_death":274717,"minecraft:sprint_one_cm":199963,"minecraft:walk_one_cm":1409086,"minecraft:drop":30,"minecraft:talked_to_villager":10,"minecraft:play_time":299499,"minecraft:deaths":1,"minecraft:sneak_time":13194,"minecraft:walk_under_water_one_cm":2727,"minecraft:jump":3226,"minecraft:walk_on_water_one_cm":5497,"minecraft:total_world_time":299499,"minecraft:interact_with_furnace":38,"minecraft:sleep_in_bed":12,"minecraft:time_since_rest":28301,"minecraft:damage_taken":2421,"minecraft:damage_dealt":7619,"minecraft:swim_one_cm":3935,"minecraft:fly_one_cm":361179,"minecraft:open_chest":82,"minecraft:crouch_one_cm":47153,"minecraft:fall_one_cm":38227},"minecraft:picked_up":{"minecraft:wooden_axe":1,"minecraft:charcoal":6,"minecraft:crafting_table":9,"minecraft:coarse_dirt":87,"minecraft:wheat":13,"minecraft:chicken":6,"minecraft:suspicious_stew":1,"minecraft:brown_mushroom":8,"minecraft:wooden_pickaxe":1,"minecraft:iron_shovel":1,"minecraft:spruce_planks":29,"minecraft:beef":41,"minecraft:poppy":5,"minecraft:sugar_cane":11,"minecraft:chest":1,"minecraft:spruce_trapdoor":61,"minecraft:furnace":2,"minecraft:raw_iron":2,"minecraft:stick":68,"minecraft:composter":1,"minecraft:torch":23,"minecraft:spruce_stairs":1,"minecraft:spruce_fence":14,"minecraft:arrow":4,"minecraft:rotten_flesh":23,"minecraft:mutton":14,"minecraft:white_wool":11,"minecraft:cobblestone":838,"minecraft:feather":2,"minecraft:andesite":2,"minecraft:leather":14,"minecraft:fern":1,"minecraft:potato":9,"minecraft:flint":2,"minecraft:oak_log":9,"minecraft:cobblestone_wall":14,"minecraft:gunpowder":3,"minecraft:cobblestone_stairs":15,"minecraft:dirt":3220,"minecraft:paper":11,"minecraft:leather_boots":1,"minecraft:bone":6,"minecraft:wheat_seeds":59,"minecraft:bell":1,"minecraft:iron_ingot":3,"minecraft:stone_pickaxe":1,"minecraft:moss_block":8,"minecraft:oak_planks":18,"minecraft:book":4,"minecraft:pumpkin":19,"minecraft:sweet_berries":3,"minecraft:dandelion":2,"minecraft:gravel":10,"minecraft:stripped_spruce_log":2,"minecraft:spruce_sapling":66,"minecraft:white_bed":1,"minecraft:spruce_log":545,"minecraft:spruce_door":3,"minecraft:mossy_cobblestone":123,"minecraft:leather_helmet":1,"minecraft:pumpkin_seeds":12,"minecraft:purple_bed":1,"minecraft:spruce_sign":1,"minecraft:jack_o_lantern":1,"minecraft:black_wool":2,"minecraft:coal":18}},"DataVersion":3839}