{"stats":{"minecraft:mined":{"minecraft:short_grass":1,"minecraft:dirt":1,"minecraft:pumpkin":2},"minecraft:crafted":{"minecraft:air":0,"minecraft:baked_potato":47},"minecraft:used":{"minecraft:dirt":26,"minecraft:baked_potato":11,"minecraft:white_bed":1,"minecraft:potato":11,"minecraft:pumpkin":2},"minecraft:dropped":{"minecraft:rotten_flesh":5,"minecraft:dirt":1,"minecraft:fern":1},"minecraft:custom":{"minecraft:time_since_rest":8418,"minecraft:open_chest":6,"minecraft:crouch_one_cm":3345,"minecraft:play_time":18026,"minecraft:interact_with_furnace":15,"minecraft:sprint_one_cm":79181,"minecraft:damage_taken":548,"minecraft:walk_one_cm":71269,"minecraft:sneak_time":526,"minecraft:walk_under_water_one_cm":62,"minecraft:drop":7,"minecraft:jump":334,"minecraft:damage_dealt":117,"minecraft:leave_game":1,"minecraft:time_since_death":18026,"minecraft:walk_on_water_one_cm":139,"minecraft:sleep_in_bed":7,"minecraft:total_world_time":18026,"minecraft:fly_one_cm":84414,"minecraft:swim_one_cm":346,"minecraft:fall_one_cm":8766},"minecraft:picked_up":{"minecraft:rotten_flesh":5,"minecraft:pumpkin":2,"minecraft:fern":1,"minecraft:potato":64,"minecraft:emerald":3,"minecraft:white_bed":1,"minecraft:dirt":27}},"DataVersion":3839}