{"stats":{"minecraft:mined":{"minecraft:short_grass":3,"minecraft:grass_block":3,"minecraft:dirt":1},"minecraft:crafted":{"minecraft:baked_potato":3},"minecraft:used":{"minecraft:stone_hoe":4,"minecraft:dirt":3,"minecraft:cobblestone":1,"minecraft:baked_potato":3,"minecraft:potato":6,"minecraft:pumpkin":1},"minecraft:dropped":{"minecraft:rotten_flesh":1,"minecraft:dirt":1},"minecraft:custom":{"minecraft:time_since_rest":8783,"minecraft:open_chest":7,"minecraft:interact_with_furnace":4,"minecraft:crouch_one_cm":4684,"minecraft:play_time":20463,"minecraft:sprint_one_cm":113120,"minecraft:deaths":1,"minecraft:damage_taken":404,"minecraft:walk_one_cm":78619,"minecraft:sneak_time":1429,"minecraft:walk_under_water_one_cm":447,"minecraft:drop":2,"minecraft:jump":503,"minecraft:damage_dealt":85,"minecraft:leave_game":1,"minecraft:time_since_death":12691,"minecraft:walk_on_water_one_cm":227,"minecraft:sleep_in_bed":4,"minecraft:total_world_time":20463,"minecraft:player_kills":1,"minecraft:interact_with_crafting_table":1,"minecraft:fall_one_cm":16727,"minecraft:fly_one_cm":108393},"minecraft:picked_up":{"minecraft:rotten_flesh":1,"minecraft:pumpkin":1,"minecraft:wheat_seeds":1,"minecraft:potato":6,"minecraft:spruce_log":1,"minecraft:stone_hoe":1,"minecraft:dirt":4,"minecraft:cobblestone":1}},"DataVersion":3839}