{"stats":{"minecraft:mined":{"minecraft:dark_oak_planks":4,"minecraft:red_carpet":1,"minecraft:spruce_planks":9,"minecraft:mossy_cobblestone":8,"minecraft:jungle_slab":2,"minecraft:cobblestone_stairs":3,"minecraft:spruce_trapdoor":21,"minecraft:granite":3,"minecraft:grass_block":16,"minecraft:spruce_leaves":22,"minecraft:composter":1,"minecraft:moss_block":4,"minecraft:large_fern":3,"minecraft:furnace":4,"minecraft:iron_ore":10,"minecraft:fire":48,"minecraft:pumpkin":6,"minecraft:bookshelf":24,"minecraft:potatoes":68,"minecraft:dirt_path":3,"minecraft:rail":18,"minecraft:stone":102,"minecraft:glass_pane":12,"minecraft:spruce_door":1,"minecraft:powder_snow":10,"minecraft:clay":1,"minecraft:crafting_table":4,"minecraft:torch":11,"minecraft:short_grass":7,"minecraft:chest":4,"minecraft:spruce_wall_sign":1,"minecraft:tall_grass":1,"minecraft:cobblestone":75,"minecraft:sugar_cane":5,"minecraft:purple_bed":3,"minecraft:cobblestone_wall":5,"minecraft:wheat":13,"minecraft:white_carpet":1,"minecraft:spruce_log":261,"minecraft:pumpkin_stem":7,"minecraft:oak_log":10,"minecraft:coal_ore":87,"minecraft:dirt":41,"minecraft:oak_leaves":11,"minecraft:fern":11},"minecraft:killed_by":{"minecraft:player":1,"minecraft:creeper":2,"minecraft:spider":1,"minecraft:pillager":1,"minecraft:skeleton":4,"minecraft:zombie":1},"minecraft:killed":{"minecraft:spider":2,"minecraft:skeleton":9,"minecraft:pig":9,"minecraft:iron_golem":1,"minecraft:wandering_trader":1,"minecraft:creeper":1,"minecraft:zombie":9},"minecraft:crafted":{"minecraft:wooden_sword":1,"minecraft:oak_planks":40,"minecraft:furnace":2,"minecraft:bone_meal":9,"minecraft:cooked_mutton":4,"minecraft:iron_axe":1,"minecraft:stone_pickaxe":1,"minecraft:chest":4,"minecraft:dark_oak_planks":8,"minecraft:stone_hoe":1,"minecraft:cooked_porkchop":17,"minecraft:spruce_sign":3,"minecraft:crafting_table":3,"minecraft:spruce_planks":620,"minecraft:wooden_pickaxe":1,"minecraft:baked_potato":1,"minecraft:iron_sword":1,"minecraft:stone_axe":1,"minecraft:air":0,"minecraft:shield":1,"minecraft:stick":36,"minecraft:iron_ingot":10,"minecraft:iron_pickaxe":1,"minecraft:wooden_axe":1,"minecraft:iron_shovel":1,"minecraft:torch":72,"minecraft:shears":1},"minecraft:used":{"minecraft:poppy":2,"minecraft:chest":8,"minecraft:spruce_planks":6,"minecraft:shield":15,"minecraft:iron_sword":105,"minecraft:stone_hoe":85,"minecraft:torch":37,"minecraft:dirt":116,"minecraft:cobblestone_wall":2,"minecraft:jungle_slab":2,"minecraft:granite":3,"minecraft:fern":1,"minecraft:dark_oak_planks":6,"minecraft:wooden_axe":59,"minecraft:flowering_azalea":1,"minecraft:iron_axe":262,"minecraft:item_frame":3,"minecraft:red_carpet":1,"minecraft:oak_sapling":2,"minecraft:furnace":5,"minecraft:cooked_beef":6,"minecraft:potato":139,"minecraft:cooked_mutton":4,"minecraft:leather_leggings":2,"minecraft:stone_pickaxe":131,"minecraft:baked_potato":1,"minecraft:wooden_pickaxe":12,"minecraft:spruce_sign":1,"minecraft:mossy_cobblestone":1,"minecraft:crafting_table":5,"minecraft:apple":1,"minecraft:bread":5,"minecraft:iron_pickaxe":188,"minecraft:leather_helmet":3,"minecraft:spruce_trapdoor":1,"minecraft:spruce_sapling":1,"minecraft:stone_axe":26,"minecraft:wooden_sword":24,"minecraft:cobblestone":59,"minecraft:purple_bed":4,"minecraft:cooked_porkchop":13,"minecraft:bone_meal":9,"minecraft:azalea":1,"minecraft:moss_block":3},"minecraft:broken":{"minecraft:leather_helmet":1,"minecraft:stone_pickaxe":1,"minecraft:iron_axe":1,"minecraft:wooden_axe":1},"minecraft:custom":{"minecraft:mob_kills":35,"minecraft:interact_with_crafting_table":23,"minecraft:bell_ring":1,"minecraft:leave_game":3,"minecraft:time_since_death":1683,"minecraft:climb_one_cm":218,"minecraft:sprint_one_cm":298284,"minecraft:walk_one_cm":532203,"minecraft:damage_blocked_by_shield":840,"minecraft:drop":50,"minecraft:talked_to_villager":18,"minecraft:play_time":233652,"minecraft:deaths":13,"minecraft:sneak_time":15762,"minecraft:walk_under_water_one_cm":18164,"minecraft:jump":3106,"minecraft:walk_on_water_one_cm":25164,"minecraft:total_world_time":233652,"minecraft:interact_with_furnace":37,"minecraft:sleep_in_bed":11,"minecraft:time_since_rest":1715,"minecraft:damage_taken":5683,"minecraft:damage_dealt":6612,"minecraft:swim_one_cm":36452,"minecraft:fly_one_cm":443203,"minecraft:open_chest":61,"minecraft:crouch_one_cm":55156,"minecraft:fall_one_cm":74095},"minecraft:dropped":{"minecraft:spruce_sign":1,"minecraft:iron_ingot":3,"minecraft:moss_block":8,"minecraft:wheat_seeds":3,"minecraft:crafting_table":2,"minecraft:cobblestone":18,"minecraft:book":4,"minecraft:leather":5,"minecraft:stick":18,"minecraft:torch":1,"minecraft:mutton":3,"minecraft:wooden_axe":1,"minecraft:wooden_sword":1,"minecraft:iron_shovel":1,"minecraft:paper":11,"minecraft:white_wool":5,"minecraft:bone":1,"minecraft:moss_carpet":9,"minecraft:sugar_cane":11,"minecraft:chicken":3,"minecraft:rotten_flesh":2,"minecraft:clay_ball":4,"minecraft:oak_planks":18,"minecraft:pumpkin_seeds":9,"minecraft:suspicious_stew":1,"minecraft:gunpowder":3,"minecraft:charcoal":2,"minecraft:andesite":1,"minecraft:leather_boots":1,"minecraft:azalea":1,"minecraft:wooden_pickaxe":1,"minecraft:beef":19,"minecraft:stone_pickaxe":1,"minecraft:black_wool":1},"minecraft:picked_up":{"minecraft:wooden_axe":1,"minecraft:crafting_table":6,"minecraft:charcoal":2,"minecraft:coarse_dirt":8,"minecraft:wheat":11,"minecraft:ladder":1,"minecraft:chicken":3,"minecraft:clay_ball":4,"minecraft:leather_leggings":4,"minecraft:lead":2,"minecraft:shield":1,"minecraft:string":3,"minecraft:moss_carpet":12,"minecraft:item_frame":3,"minecraft:white_carpet":8,"minecraft:spruce_planks":53,"minecraft:beef":19,"minecraft:azalea":2,"minecraft:iron_pickaxe":4,"minecraft:poppy":2,"minecraft:sugar_cane":11,"minecraft:chest":4,"minecraft:spruce_trapdoor":21,"minecraft:furnace":5,"minecraft:stick":24,"minecraft:raw_iron":12,"minecraft:composter":1,"minecraft:torch":124,"minecraft:porkchop":21,"minecraft:dark_oak_planks":12,"minecraft:arrow":26,"minecraft:rotten_flesh":16,"minecraft:shears":1,"minecraft:mutton":3,"minecraft:rail":18,"minecraft:white_wool":5,"minecraft:cobblestone":246,"minecraft:cooked_beef":6,"minecraft:andesite":1,"minecraft:leather":5,"minecraft:fern":1,"minecraft:potato":311,"minecraft:oak_log":10,"minecraft:cobblestone_stairs":1,"minecraft:cobblestone_wall":8,"minecraft:gunpowder":6,"minecraft:dirt":219,"minecraft:leather_boots":1,"minecraft:red_carpet":11,"minecraft:bone":20,"minecraft:apple":1,"minecraft:wheat_seeds":37,"minecraft:stone_pickaxe":3,"minecraft:iron_ingot":5,"minecraft:moss_block":29,"minecraft:iron_sword":4,"minecraft:flowering_azalea":1,"minecraft:book":144,"minecraft:cooked_porkchop":6,"minecraft:pumpkin":7,"minecraft:sweet_berries":7,"minecraft:gravel":3,"minecraft:spruce_sapling":53,"minecraft:spruce_log":265,"minecraft:jungle_slab":2,"minecraft:dark_oak_log":2,"minecraft:spruce_door":1,"minecraft:mossy_cobblestone":10,"minecraft:leather_helmet":4,"minecraft:pumpkin_seeds":16,"minecraft:purple_bed":3,"minecraft:stone_axe":1,"minecraft:granite":3,"minecraft:spruce_sign":1,"minecraft:bread":5,"minecraft:baked_potato":1,"minecraft:jack_o_lantern":1,"minecraft:oak_sapling":4,"minecraft:black_wool":25,"minecraft:coal":153}},"DataVersion":3839}