{"stats":{"minecraft:picked_up":{"minecraft:oak_log":5,"minecraft:jungle_slab":2,"minecraft:dirt":5},"minecraft:mined":{"minecraft:short_grass":1,"minecraft:grass_block":4,"minecraft:oak_log":5,"minecraft:dirt":1,"minecraft:jungle_slab":2,"minecraft:oak_leaves":1},"minecraft:crafted":{"minecraft:oak_planks":20,"minecraft:crafting_table":1,"minecraft:stick":4},"minecraft:custom":{"minecraft:open_chest":2,"minecraft:time_since_rest":5713,"minecraft:crouch_one_cm":295,"minecraft:play_time":5713,"minecraft:sprint_one_cm":3798,"minecraft:damage_taken":95,"minecraft:walk_one_cm":10318,"minecraft:sneak_time":105,"minecraft:walk_under_water_one_cm":2234,"minecraft:jump":84,"minecraft:leave_game":1,"minecraft:time_since_death":5713,"minecraft:walk_on_water_one_cm":2243,"minecraft:total_world_time":5713,"minecraft:swim_one_cm":16098,"minecraft:fall_one_cm":3442,"minecraft:fly_one_cm":12991},"minecraft:used":{"minecraft:jungle_slab":2}},"DataVersion":3839}